TP_LOCALIZACAO;IN_AGUA_POTAVEL;IN_AGUA_REDE_PUBLICA;IN_AGUA_POCO_ARTESIANO;IN_AGUA_CACIMBA;IN_AGUA_FONTE_RIO;IN_AGUA_INEXISTENTE;IN_ENERGIA_REDE_PUBLICA;IN_ENERGIA_GERADOR_FOSSIL;IN_ENERGIA_RENOVAVEL;IN_ENERGIA_INEXISTENTE;IN_ESGOTO_REDE_PUBLICA;IN_ESGOTO_FOSSA_SEPTICA;IN_ESGOTO_FOSSA_COMUM;IN_ESGOTO_FOSSA;IN_ESGOTO_INEXISTENTE;IN_LIXO_SERVICO_COLETA;IN_LIXO_QUEIMA;IN_LIXO_ENTERRA;IN_LIXO_DESTINO_FINAL_PUBLICO;IN_LIXO_DESCARTA_OUTRA_AREA;IN_TRATAMENTO_LIXO_SEPARACAO;IN_TRATAMENTO_LIXO_REUTILIZA;IN_TRATAMENTO_LIXO_RECICLAGEM;IN_TRATAMENTO_LIXO_INEXISTENTE
1;0.983927462624783;0.9424923179799073;0.08319667563565732;0.028467257877055837;0.0022369405658424746;0.0015841678740307918;0.9976356891528284;0.0015682465888646531;0.009696062666178415;7.960642583069305e-05;0.7681303634829404;0.16151347736789315;0.08555302584024582;0.24706650320813897;0.00469677912401089;0.8404766832778742;0.01123246668471079;0.0026906971930774253;0.1777372669521884;0.0077059020204110875;0.4802098425384897;0.13513190784760146;0.22099539874858698;0.6468977375853779
2;0.8788473514370365;0.3279424807986262;0.32848974354135607;0.23453039195335057;0.1277575437338416;0.06348247815666812;0.8958502387197826;0.03342076956464305;0.012851238889622765;0.061236813798569566;0.09286482610254572;0.3780641995810609;0.40284199203638354;0.7809061916174445;0.13162612519107017;0.39012285105017835;0.5763808948689401;0.07255949123436055;0.03368496537147818;0.08233473608726011;0.2601573852163575;0.13117321809363855;0.14506236908154216;0.9114944047102338
