TP_LOCALIZACAO_DIFERENCIADA;IN_AGUA_POTAVEL;IN_AGUA_REDE_PUBLICA;IN_AGUA_POCO_ARTESIANO;IN_AGUA_CACIMBA;IN_AGUA_FONTE_RIO;IN_AGUA_INEXISTENTE;IN_ENERGIA_REDE_PUBLICA;IN_ENERGIA_GERADOR_FOSSIL;IN_ENERGIA_RENOVAVEL;IN_ENERGIA_INEXISTENTE;IN_ESGOTO_REDE_PUBLICA;IN_ESGOTO_FOSSA_SEPTICA;IN_ESGOTO_FOSSA_COMUM;IN_ESGOTO_FOSSA;IN_ESGOTO_INEXISTENTE;IN_LIXO_SERVICO_COLETA;IN_LIXO_QUEIMA;IN_LIXO_ENTERRA;IN_LIXO_DESTINO_FINAL_PUBLICO;IN_LIXO_DESCARTA_OUTRA_AREA;IN_TRATAMENTO_LIXO_SEPARACAO;IN_TRATAMENTO_LIXO_REUTILIZA;IN_TRATAMENTO_LIXO_RECICLAGEM;IN_TRATAMENTO_LIXO_INEXISTENTE
0;0.9627108787628842;0.7932661211362382;0.14313349671554287;0.08329525697094131;0.03023362073569466;0.014989229828923398;0.9780561473050836;0.007720106099536556;0.01005809365004955;0.011624663988464345;0.599225022400769;0.21910622415010592;0.16669139157731083;0.3857976157274168;0.031230529132867713;0.7373977130446651;0.14459325543997484;0.01799182297755176;0.14194670100462256;0.023332403676693113;0.4266293221616297;0.13393582995591055;0.20193922419164378;0.7096444953447938
1;0.8333333333333334;0.19710906701708278;0.41677617170389836;0.23127463863337713;0.11279018834866404;0.1029347349978099;0.8683749452474814;0.04993429697766097;0.016206745510293472;0.06898817345597898;0.02803328953131844;0.39750328515111694;0.44021024967148487;0.8377135348226018;0.1375383267630311;0.1824353920280333;0.7761717038983793;0.10337275514673674;0.021901007446342532;0.16075339465615418;0.19908015768725362;0.11673236968900569;0.12089356110381078;0.9704336399474376
2;0.6312270143764627;0.10063523905048478;0.3212972250083584;0.13841524573721165;0.4112337011033099;0.10431293881644935;0.5329321297225008;0.13239719157472418;0.033099297893681046;0.31093279839518556;0.025075225677031094;0.18923436977599464;0.3025743898361752;0.49180875961216985;0.4867937144767636;0.1076563022400535;0.7823470411233701;0.19291206954195922;0.011033099297893681;0.16783684386492811;0.24139083918421933;0.1608157806753594;0.16950852557673018;1.0264125710464727
3;0.8850256815487949;0.351244567364678;0.34492295535361517;0.19636507309363888;0.08336625839589096;0.10075069142631371;0.9525879099170288;0.01698933227973133;0.012248123271434215;0.020150138285262742;0.08968787040695378;0.40221256420387197;0.4298696167522718;0.8320821809561438;0.08613196365073093;0.32793362307388385;0.672856578427499;0.040300276570525484;0.022915843540102725;0.06440142236270249;0.2299486369024101;0.13472935598577637;0.14144606874753063;0.9766890557092058
