;IN_AGUA_POTAVEL;IN_AGUA_REDE_PUBLICA;IN_AGUA_POCO_ARTESIANO;IN_AGUA_CACIMBA;IN_AGUA_FONTE_RIO;IN_AGUA_INEXISTENTE;IN_ENERGIA_REDE_PUBLICA;IN_ENERGIA_GERADOR_FOSSIL;IN_ENERGIA_RENOVAVEL;IN_ENERGIA_INEXISTENTE;IN_ESGOTO_REDE_PUBLICA;IN_ESGOTO_FOSSA_SEPTICA;IN_ESGOTO_FOSSA_COMUM;IN_ESGOTO_FOSSA;IN_ESGOTO_INEXISTENTE;IN_LIXO_SERVICO_COLETA;IN_LIXO_QUEIMA;IN_LIXO_ENTERRA;IN_LIXO_DESTINO_FINAL_PUBLICO;IN_LIXO_DESCARTA_OUTRA_AREA;IN_TRATAMENTO_LIXO_SEPARACAO;IN_TRATAMENTO_LIXO_REUTILIZA;IN_TRATAMENTO_LIXO_RECICLAGEM;IN_TRATAMENTO_LIXO_INEXISTENTE
MINIMO;539.0;269.0;67.0;6.0;2.0;0.0;579.0;0.0;5.0;0.0;96.0;85.0;37.0;122.0;0.0;361.0;9.0;2.0;3.0;2.0;135.0;62.0;65.0;657.0
MAXIMO;29919.0;29089.0;4489.0;2276.0;2168.0;987.0;29933.0;805.0;307.0;1175.0;28440.0;5176.0;5132.0;8537.0;1564.0;13948.0;6513.0;680.0;21434.0;2517.0;10785.0;2848.0;6367.0;16558.0
MEDIA;6302.592592592592;5028.592592592592;1031.7777777777778;592.7407407407408;261.14814814814815;131.96296296296296;6399.740740740741;72.88888888888889;70.33333333333333;120.55555555555556;3756.0;1493.4444444444443;1188.6666666666667;2682.1111111111113;280.18518518518516;4676.0;1183.4814814814815;154.92592592592592;893.0370370370371;197.44444444444446;2744.777777777778;886.1481481481482;1312.888888888889;4798.62962962963
MEDIANA;4434.0;2856.0;689.0;233.0;83.0;21.0;4267.0;9.0;54.0;5.0;1359.0;1289.0;750.0;2007.0;75.0;2933.0;395.0;73.0;52.0;43.0;1347.0;667.0;710.0;3032.0
DESVIO PADRAO;6359.260015364991;6030.44382382016;1103.9610964903168;671.5098139263716;489.71598548418496;246.04853828235437;6448.36133383807;197.0305195674661;68.69945694556388;285.51927502404527;5867.650230779714;1142.979653003275;1321.0256213668576;2303.026375702086;472.91575416908086;3904.6509841075817;1719.3126392738905;170.14720457612938;4107.428968265273;482.9049383545166;2767.9301254705074;760.7563899832094;1393.7283791585055;4570.0222280906
