;IN_AGUA_POTAVEL;IN_AGUA_REDE_PUBLICA;IN_AGUA_POCO_ARTESIANO;IN_AGUA_CACIMBA;IN_AGUA_FONTE_RIO;IN_AGUA_INEXISTENTE;IN_ENERGIA_REDE_PUBLICA;IN_ENERGIA_GERADOR_FOSSIL;IN_ENERGIA_RENOVAVEL;IN_ENERGIA_INEXISTENTE;IN_ESGOTO_REDE_PUBLICA;IN_ESGOTO_FOSSA_SEPTICA;IN_ESGOTO_FOSSA_COMUM;IN_ESGOTO_FOSSA;IN_ESGOTO_INEXISTENTE;IN_LIXO_SERVICO_COLETA;IN_LIXO_QUEIMA;IN_LIXO_ENTERRA;IN_LIXO_DESTINO_FINAL_PUBLICO;IN_LIXO_DESCARTA_OUTRA_AREA;IN_TRATAMENTO_LIXO_SEPARACAO;IN_TRATAMENTO_LIXO_REUTILIZA;IN_TRATAMENTO_LIXO_RECICLAGEM;IN_TRATAMENTO_LIXO_INEXISTENTE
MINIMO;10163.0;7305.0;1909.0;261.0;162.0;20.0;10240.0;23.0;183.0;6.0;2942.0;2795.0;1941.0;4736.0;61.0;9615.0;611.0;233.0;99.0;105.0;4979.0;1551.0;2160.0;6803.0
MAXIMO;59627.0;55103.0;10955.0;10869.0;4174.0;1992.0;59982.0;1733.0;528.0;2851.0;53047.0;18889.0;16631.0;35520.0;3992.0;43161.0;17401.0;1917.0;21729.0;3362.0;24252.0;9542.0;13032.0;55624.0
MEDIA;34034.0;27154.4;5571.6;3200.8;1410.2;712.6;34558.6;393.6;379.8;651.0;20282.4;8064.6;6418.8;14483.4;1513.0;25250.4;6390.8;836.6;4822.4;1066.2;14821.8;4785.2;7089.6;25912.6
MEDIANA;25008.0;23283.0;4089.0;1865.0;1077.0;122.0;25777.0;74.0;453.0;22.0;16630.0;6698.0;3468.0;10166.0;290.0;25118.0;2415.0;744.0;540.0;301.0;19522.0;3504.0;7089.0;20266.0
DESVIO PADRAO;23001.828927283153;20706.615001008733;3863.2126268172196;4386.598021246077;1618.868339303725;924.1476072576286;23809.331947788873;749.3762739772324;156.00865360613815;1239.4036872625481;20049.44196979058;6296.585130052638;6188.015772442731;12386.941704876146;1886.3161187881526;15310.995095028931;7418.233428519219;687.1166567621542;9469.196549866307;1400.84321035582;8934.615587701577;3208.73490647015;4719.348715659821;21359.54450122942
